text,emojis
Reviewing for exams,ğŸ“šğŸ“ğŸ¯
See you soon,ğŸ‘‹ğŸ•’ğŸ™‚
Road trip this weekend,ğŸ›£ï¸ğŸš™ğŸ¶
I want ice cream,ğŸ¦ğŸ˜ğŸ¨
Merry Xmas,ğŸ„ğŸâœ¨
Cleaning the house,ğŸ§¹ğŸ§¼ğŸ 
Big sale now,ğŸ·ï¸ğŸ›ï¸ğŸ”¥
Call me afterwards,ğŸ“â°â¡ï¸
Cleaning day today,ğŸ§¹ğŸ§¼ğŸ 
Running late sorry,â³ğŸ™‡â€â™‚ï¸ğŸš—
First coffee of the day,â˜•ï¸ğŸŒ…ğŸ™‚
Fixing some bugs,ğŸ›ğŸ”§ğŸ’»
Birds are singing,ğŸ¦ğŸµğŸŒ…
Coffee break time,â˜•ï¸â¸ï¸ğŸ’¬
Open the window,ğŸªŸğŸŒ¬ï¸ğŸŒ¤ï¸
Dog walk time,ğŸ¶ğŸš¶â€â™‚ï¸ğŸŒ³
I'm very happy today,ğŸ˜Šâœ¨ğŸ‰
Lunch at noon,ğŸ½ï¸ğŸ•›ğŸ¥ª
Call me later,ğŸ“â°â¡ï¸
Doing the laundry,ğŸ§ºğŸ§¼ğŸ‘•
I lost my keys,ğŸ”‘â“ğŸ˜•
Need my morning coffee,â˜•ï¸ğŸŒ…ğŸ™‚
Time for coffee,â˜•ï¸â¸ï¸ğŸ’¬
I'm so angry right now,ğŸ˜ ğŸ”¥ğŸ’¢
Cooking dinner now,ğŸ³ğŸ¥—ğŸ½ï¸
Off to the gym,ğŸ‹ï¸â€â™‚ï¸ğŸ’ªğŸ§´
Practice makes perfect,ğŸ§ ğŸ”ğŸ†
Christmas greetings,ğŸ„ğŸâœ¨
Preparing for the test,ğŸ“šğŸ“ğŸ¯
Reading a book,ğŸ“–â˜•ï¸ğŸ•¯ï¸
Grocery shopping,ğŸ›’ğŸ¥¦ğŸ
Fixing the sink,ğŸ”§ğŸš°ğŸ§°
I'm stressed about work,ğŸ˜£ğŸ’¼ğŸ§ 
Go to the beach,ğŸ–ï¸ğŸŒŠğŸ©´
Yoga session now,ğŸ§˜â€â™€ï¸ğŸ•¯ï¸ğŸŒ¿
Deploying the app,ğŸš€ğŸ§‘â€ğŸ’»ğŸŒ
Gym time now,ğŸ‹ï¸â€â™‚ï¸ğŸ’ªğŸ§´
The storm is coming,ğŸŒ©ï¸â›ˆï¸âš ï¸
Router is down,ğŸ“¶âŒğŸ”§
Time for a run,ğŸƒâ€â™‚ï¸â±ï¸ğŸ§
Cycling by the river,ğŸš´â€â™€ï¸ğŸŒŠğŸŒ¿
Deadline is tomorrow,â°ğŸ“Œâš ï¸
Walking the dog,ğŸ¶ğŸš¶â€â™‚ï¸ğŸŒ³
Five minutes more,5ï¸âƒ£â±ï¸ğŸ™
Board games with friends,ğŸ²ğŸ§‘â€ğŸ¤â€ğŸ§‘ğŸ˜
Morning coffee please,â˜•ï¸ğŸŒ…ğŸ™‚
Pizza for dinner?,ğŸ•ğŸ½ï¸ğŸ˜‹
Watching football,âš½ï¸ğŸ“ºğŸ™Œ
Let's eat pizza,ğŸ•ğŸ½ï¸ğŸ˜‹
Refund requested,â†©ï¸ğŸ’µğŸ“¨
Halloween party,ğŸƒğŸ•¸ï¸ğŸ‘»
Cook healthy food,ğŸ¥—ğŸ¥‘ğŸ…
I have a meeting now,ğŸ—“ï¸ğŸ‘¥ğŸ“
Don't be late,â°ğŸ“âœ…
Feeling down and sleepy,ğŸ˜”ğŸ’¤ğŸŒ§ï¸
Out with the dog,ğŸ¶ğŸš¶â€â™‚ï¸ğŸŒ³
Merry Christmas,ğŸ„ğŸâœ¨
Backup your files,ğŸ’¾â˜ï¸âœ…
Arrive on time,â°ğŸ“âœ…
Stuck in traffic,ğŸš—ğŸ›‘â³
Playing video games,ğŸ®ğŸ•¹ï¸âš¡ï¸
Battery fully charged,ğŸ”‹âœ…âš¡ï¸
Ring me later today,ğŸ“â°â¡ï¸
Hiking in the mountains,ğŸ¥¾â›°ï¸ğŸŒ²
Quick coffee break,â˜•ï¸â¸ï¸ğŸ’¬
Going to the gym,ğŸ‹ï¸â€â™‚ï¸ğŸ’ªğŸ§´
House cleaning time,ğŸ§¹ğŸ§¼ğŸ 
I'm calm and relaxed,ğŸ˜ŒğŸŒ¿ğŸ§˜
Stay at home,ğŸ ğŸ›‹ï¸ğŸ“º
Bills need paying,ğŸ§¾ğŸ’³âœ…
Sailing today,â›µï¸ğŸŒŠğŸŒ¤ï¸
Where are my keys,ğŸ”‘â“ğŸ˜•
Movie night at home,ğŸ¬ğŸ¿ğŸ›‹ï¸
New phone arrived,ğŸ“±ğŸ“¦âœ¨
Good night everyone,ğŸŒ™ğŸ˜´â­ï¸
No internet connection,ğŸ“¶âŒğŸ”§
Film night tonight,ğŸ¬ğŸ¿ğŸ›‹ï¸
Writing documentation,ğŸ“ğŸ“šğŸ“
Ordering pizza tonight,ğŸ•ğŸ½ï¸ğŸ˜‹
Cheers to us,ğŸ¥‚ğŸ˜ŠğŸ‰
Exam study time,ğŸ“šğŸ“ğŸ¯
I feel anxious,ğŸ˜¬ğŸ’­â³
Low battery warning,ğŸ”‹âš ï¸ğŸ“±
Brainstorming ideas,ğŸ’¡ğŸ§ ğŸ—’ï¸
Morning espresso time,â˜•ï¸ğŸŒ…ğŸ™‚
Going to catch a flight,ğŸ§³âœˆï¸ğŸ›«
Congratulations friend,ğŸŠğŸ‘ğŸ†
I need more water,ğŸ’§ğŸš°ğŸ™
Need your opinion,â“ğŸ—£ï¸ğŸ¤”
WiFi is down,ğŸ“¶âŒğŸ”§
Please be punctual,â°ğŸ“âœ…
Taking the dog out,ğŸ¶ğŸš¶â€â™‚ï¸ğŸŒ³
Low energy and sad,ğŸ˜”ğŸ’¤ğŸŒ§ï¸
Airport time now,ğŸ§³âœˆï¸ğŸ›«
Cat is sleeping,ğŸ±ğŸ›ï¸ğŸ’¤
Sad and exhausted,ğŸ˜”ğŸ’¤ğŸŒ§ï¸
On my way to the airport,ğŸ§³âœˆï¸ğŸ›«
Need to focus,ğŸ§ğŸ”•ğŸ¯
Update the software,â¬†ï¸ğŸ’»âš™ï¸
Coffee time now,â˜•ï¸â¸ï¸ğŸ’¬
Time to pay bills,ğŸ§¾ğŸ’³âœ…
Split the check,ğŸ§®ğŸ½ï¸ğŸ¤
Making a salad,ğŸ¥—ğŸ”ªğŸ¥¬
Remind me tomorrow,ğŸ””ğŸ“…â¡ï¸
Happy birthday,ğŸ‚ğŸˆğŸ‰
Summer is here,ğŸŒğŸ–ï¸ğŸ¹
Winter is coming,â„ï¸ğŸ§£ğŸ”¥
Feeling great today,ğŸ˜Šâœ¨ğŸ‰
Riding the train,ğŸš†ğŸ«ğŸ›¤ï¸
Can't find my keys,ğŸ”‘â“ğŸ˜•
It's raining outside,ğŸŒ§ï¸â˜”ï¸ğŸŒ‚
Give me a call later,ğŸ“â°â¡ï¸
The sky is cloudy,â˜ï¸ğŸŒ«ï¸ğŸŒ¥ï¸
Watering the plants,ğŸª´ğŸ’§ğŸŒ¿
Movie night tonight,ğŸ¬ğŸ¿ğŸ›‹ï¸
Take a deep breath,ğŸŒ¬ï¸ğŸ«ğŸ§˜
I'm bored at home,ğŸ¥±ğŸ ğŸ•°ï¸
Found a solution,ğŸ’¡âœ…ğŸ¯
Code review time,ğŸ‘€ğŸ§©ğŸ’¬
Happy New Year,ğŸ†ğŸ‰ğŸ¥‚
Text me when free,ğŸ’¬ğŸ•’âœ…
Watching a movie later,ğŸ¬ğŸ¿ğŸ›‹ï¸
Let's hang out,ğŸ§‘â€ğŸ¤â€ğŸ§‘ğŸ®ğŸ¿
It's snowing a lot,â„ï¸â˜ƒï¸ğŸŒ¨ï¸
Good luck today,ğŸ¤ğŸ€ğŸŒŸ
The sun is shining,â˜€ï¸ğŸ˜ğŸŒ»
It's very windy,ğŸŒ¬ï¸ğŸƒğŸ
Pay the bills,ğŸ§¾ğŸ’³âœ…
WiFi not working,ğŸ“¶âŒğŸ”§
Walking to the park,ğŸš¶â€â™‚ï¸ğŸŒ³ğŸŒ¼
Time to clean up,ğŸ§¹ğŸ§¼ğŸ 
Salary day today,ğŸ’¼ğŸ’°ğŸ‰
Paying invoices now,ğŸ§¾ğŸ’³âœ…
Take the bus,ğŸšŒğŸ—ºï¸ğŸ•’
Feeling sad and tired,ğŸ˜”ğŸ’¤ğŸŒ§ï¸
Be on time,â°ğŸ“âœ…
Craving some pizza,ğŸ•ğŸ½ï¸ğŸ˜‹
Back pain again,ğŸ˜£ğŸ”™ğŸ’Š
So happy right now,ğŸ˜Šâœ¨ğŸ‰
I miss you,ğŸ¥ºâ¤ï¸ğŸ“©
Lost my house keys,ğŸ”‘â“ğŸ˜•
Hitting the gym,ğŸ‹ï¸â€â™‚ï¸ğŸ’ªğŸ§´
Listening to music,ğŸ§ğŸµğŸ˜Œ
Drink more water,ğŸ’§ğŸ’§âœ…
Baking cookies today,ğŸªğŸ§ğŸ‘©â€ğŸ³
I feel sick,ğŸ¤’ğŸ¤§ğŸ›Œ
I'm proud of myself,ğŸ«¡ğŸ†âœ¨
In a good mood today,ğŸ˜Šâœ¨ğŸ‰
Time for sushi,ğŸ£ğŸ¥¢ğŸ˜‹
Have a merry Christmas,ğŸ„ğŸâœ¨
Working from home,ğŸ’»ğŸ ğŸ“¶
Heading to the airport,ğŸ§³âœˆï¸ğŸ›«
Need some sleep,ğŸ˜´ğŸ›ï¸ğŸŒ™
Concert was amazing,ğŸ¤ğŸ¶ğŸ¤˜
Taking out the trash,ğŸ—‘ï¸ğŸš¶â€â™‚ï¸âœ…
I'm excited for tonight,ğŸ¤©ğŸŒ™ğŸŠ
Studying for the exam,ğŸ“šğŸ“ğŸ¯
