product,title,label
iphone,Cover magsafe in pelle iPhone 12 mini,derived_product
iphone,Cover GUESS Hard x Iphone 12 e 12 PRO,derived_product
iphone,Display iphone 12 pro max,derived_product
iphone,display x IPHONE 12 pro max nuovo,derived_product
iphone,Iphone 12 pro 256 danneggiato,target_product
iphone,Caricatore iphone 11/12/13/14/15/16 +cavo apple,derived_product
iphone,Schermo Iphone  12/12 pro nuovo,derived_product
iphone,Iphone 12 mini cover,derived_product
iphone,Cover iphone 12/12pro bianca/azzurra,derived_product
iphone,iPhone 12,target_product
iphone,Iphone  12 128 gb,target_product
iphone,Cover iphone 12/12 pro,derived_product
iphone,iPhone 12 Pro con blocco icloud,target_product
iphone,IPhone 12,target_product
iphone,Batteria iphone 12 mini Originale Nuova sigillata,derived_product
iphone,Batteria iphone 12/12 pro nuova Originale apple,derived_product
iphone,iphone 12 mini,target_product
iphone,Cover Quadlock iphone 12 pro,derived_product
iphone,Cover pelle iphone 12 pro,derived_product
iphone,Scocca iphone 12,derived_product
iphone,iphone 12 mini,target_product
iphone,iphone 12 mini,target_product
iphone,Cover Apple Originale iPhone 12 - 12 Pro in Pelle,derived_product
iphone,SCATOLO ORIGINALE IPHONE 12 + CAVI E COVER,derived_product
iphone,iPhone 12 Pro 128gb,target_product
iphone,Scocca iPhone 12,derived_product
iphone,iPhone 12,target_product
iphone,Cover Apple iphone 12 pro trasparente,derived_product
iphone,Cover custodia MagSafe iPhone 12 pro nuova,derived_product
iphone,Apple Iphone Se 2016 16 Gb utile per bici da cors,target_product
iphone,Iphone 5 nero 16 Gb,target_product
iphone,Caricatore iphone 11/12/13/14/15/16 +cavo apple,derived_product
iphone,Cover quad lock MAG IPHONE 16 pro max,derived_product
iphone,Iphone 5s 16 GB,target_product
iphone,Cover Iphone 16 Pro Max eco pelle,derived_product
iphone,Cover MagSafe per iPhone 16,derived_product
iphone,Iphone 16 da 128,target_product
iphone,QUAD LOCK MAG CASE IPHONE 16 PRO 6.3‚Äù,derived_product
iphone,Cover Pitaka Iphone 16 pro,derived_product
iphone,Cover iphone 16 Pro,derived_product
iphone,IPhone 6- 16 gb,target_product
iphone,iphone 6 16 gb grigio,target_product
iphone,Iphone 6s 16 gb ora rosa,target_product
iphone,Cover iPhone 16,derived_product
iphone,Cover e pellicole iphone 16 pro,target_product
iphone,Apple iphone 5s 16 gb,target_product
iphone,Cover Iphone 16 sigillata,derived_product
iphone,Totallee from USA cover Iphone 16 Pro Max,derived_product
iphone,Cover iphone 16 pro max,derived_product
iphone,Cover originale apple iphone 16 pro ma,derived_product
iphone,Iphone 5 16 gb,target_product
iphone,Cover iphone 16 pro,derived_product
iphone,Custodia IPhone 16 Pro Max MagSafe,derived_product
iphone,Cover Iphone 16 pro max nuova Otterbox,derived_product
iphone,iPhone SE 16 GB,target_product
iphone,Iphone 6S. 16 giga,target_product
iphone,Iphone SE 16 GB,target_product
iphone,Accessori Spigen iPhone 16,derived_product
iphone,Quad lock mad per iphone 14 pro,derived_product
iphone,cover apple magsafe iphone 14 pro (product red),derived_product
iphone,Cover iPhone 14 pelle originale,derived_product
iphone,Cover Iphone 14 pro,derived_product
iphone,Custodie iphone 14 pro max,derived_product
iphone,Cover iphone 14 pro Silicone Case,derived_product
iphone,Custodia Apple Magsafe iPhone 14 Pro,derived_product
iphone,Cleare Case MagSafe iphone 14 pro originale Apple,derived_product
iphone,cover in carbonio 100% reuterson per iphone 14 pro,derived_product
iphone,Cover IPhone 14 plus,derived_product
iphone,Cover IPhone 14 plus,derived_product
iphone,Cover Apple magsafe iphone 14 pro,derived_product
iphone,Caricatore iphone 11/12/13/14/15/16 +cavo apple,derived_product
iphone,Cover Apple iPhone 14 Pro Max trasparente,derived_product
iphone,Peak Design Everyday Case iPhone 14 Pro Max,derived_product
iphone,Cover a tracolla Native Union iPhone 14 Pro,derived_product
iphone,Cover in pelle originale iphone 14 pro.,derived_product
iphone,9 Cover iphone 14 pro,derived_product
iphone,Cover MagSafe in pelle per iphone 14 pro,derived_product
iphone,Cover originali Apple per Iphone 14 Pro Max,derived_product
iphone,Cover per iphone 14,derived_product
iphone,Cover Apple Magsafe Iphone 14 Pro,derived_product
iphone,Cover Iphone 14 pro,derived_product
iphone,Cover IPhone 14 pro Apple,derived_product
iphone,Iphone 14 128 gb,target_product
iphone,Cover iphone 14 pro,derived_product
iphone,Cover iphone 14 Pro Max,derived_product
iphone,Cover iphone 14 pro,derived_product
iphone,Iphone 14 pro max cover,derived_product
iphone,Quad lock mad per iphone 14 pro,derived_product
iphone,IPhone 14,target_product
iphone,cover apple magsafe iphone 14 pro (product red),derived_product
iphone,Cover iPhone 14 pelle originale,derived_product
iphone,Cover Iphone 14 pro,derived_product
iphone,Custodie iphone 14 pro max,derived_product
iphone,Cerc0 iphone 14/15 leggere descrizione,derived_product
iphone,iphone 14 128gb,target_product
iphone,Iphone 14 Pro - mini clone,target_product
iphone,Cover iphone 14 pro Silicone Case,derived_product
iphone,Custodia Apple Magsafe iPhone 14 Pro,derived_product
iphone,Cleare Case MagSafe iphone 14 pro originale Apple,derived_product
iphone,cover in carbonio 100% reuterson per iphone 14 pro,derived_product
iphone,Cover IPhone 14 plus,derived_product
iphone,Cover IPhone 14 plus,derived_product
iphone,Cover Apple magsafe iphone 14 pro,derived_product
iphone,Caricatore iphone 11/12/13/14/15/16 +cavo apple,derived_product
iphone,Cover Apple iPhone 14 Pro Max trasparente,derived_product
iphone,Peak Design Everyday Case iPhone 14 Pro Max0,
iphone,Cover a tracolla Native Union iPhone 14 Pro,derived_product
iphone,Cover in pelle originale iphone 14 pro.,derived_product
iphone,9 Cover iphone 14 pro,derived_product
iphone,Cover MagSafe in pelle per iphone 14 pro,derived_product
iphone,Cover originali Apple per Iphone 14 Pro Max,derived_product
iphone,Cover per iphone 14,derived_product
iphone,iPhone 14 128g,target_product
iphone,iphone 14 plus,target_product
iphone,Cover Apple Magsafe Iphone 14 Pro,derived_product
iphone,Cover Iphone 14 pro,derived_product
iphone,Cover Iphone 15 Pro Max,derived_product
iphone,Case (Bumper) iPhone 15 Pro Max Clear,derived_product
iphone,Cerc0 iphone 14/15 leggere descrizione,derived_product
iphone,Stock di cover per iPhone 15,derived_product
iphone,Quad Lock Cover Mag per iPhone 15 pro max,derived_product
iphone,Cover in pelle iPhone 15 Pro Moft blu,derived_product
iphone,Cover in pelle iPhone 15 Pro Moft nera,derived_product
iphone,Cover Quadlock Mag per iPhone 15 pro,derived_product
iphone,cover iphone 15 pro max,derived_product
iphone,cover iphone 15 pro max,derived_product
iphone,cover iphone 15 pro max,derived_product
iphone,cover iphone 15 pro max,derived_product
iphone,Apple MagSafe iPhone 15 Pro Max Menta,derived_product
iphone,Cover originale apple iphone 15 pro,derived_product
iphone,Custodia iPhone 15 apple,derived_product
iphone,cover Apple custodia Mag SAF iPhone 15 pro max,derived_product
iphone,Cover Silicon case iPhone 15 Pro Max,derived_product
iphone,Apple MagSafe iPhone 15 Pro Max Grigio,derived_product
iphone,Iphone 15,target_product
iphone,Caricatore iphone 11/12/13/14/15/16 +cavo apple,derived_product
iphone,Cover in silicone iphone 15 pro max nuova sigillat,derived_product
iphone,Cover iphone 15 pro,derived_product
iphone,Cover IPhone 15 pro,derived_product
iphone,Cover iphone 15 pro  finewoven,derived_product
iphone,Cover iPhone 15 Pro rosa,derived_product
iphone,Cover iPhone 15 Pro rosa,derived_product
iphone,Iphone 15,target_product
iphone,Cover magsafe apple per iPhone 15 pro max,derived_product
iphone,quad lock MAG iphone 15 pro max,derived_product
iphone,Custodia IPhone 15 pro portafoglio,derived_product
iphone,Apple Iphone Se 2016 16 Gb utile per bici da cors,target_product
iphone,Iphone 5 nero 16 Gb,target_product
iphone,Caricatore iphone 11/12/13/14/15/16 +cavo apple,derived_product
iphone,Cover quad lock MAG IPHONE 16 pro max,derived_product
iphone,Iphone 5s 16 GB,target_product
iphone,Cover Iphone 16 Pro Max eco pelle,derived_product
iphone,Cover MagSafe per iPhone 16,derived_product
iphone,Iphone 16 da 128,target_product
iphone,QUAD LOCK MAG CASE IPHONE 16 PRO 6.3‚Äù,derived_product
iphone,Cover Pitaka Iphone 16 pro,derived_product
iphone,Cover iphone 16 Pro,derived_product
iphone,IPhone 6- 16 gb,target_product
iphone,iphone 6 16 gb grigio,target_product
iphone,iPhone 16,target_product
iphone,Iphone 6s 16 gb ora rosa,target_product
iphone,Cover iPhone 16,derived_product
iphone,Cover e pellicole iphone 16 pro,derived_product
iphone,Apple iphone 5s 16 gb,target_product
iphone,Cover Iphone 16 sigillata,derived_product
iphone,Totallee from USA cover Iphone 16 Pro Max,derived_product
iphone,Cover iphone 16 pro max,derived_product
iphone,Cover originale apple iphone 16 pro ma,derived_product
iphone,Iphone 5 16 gb,target_product
iphone,Cover iphone 16 pro,derived_product
iphone,Custodia IPhone 16 Pro Max MagSafe,derived_product
iphone,Cover Iphone 16 pro max nuova Otterbox,derived_product
iphone,iPhone SE 16 GB,target_product
iphone,Iphone 6S. 16 giga,target_product
iphone,Iphone SE 16 GB,target_product
iphone,Iphone 13 pro,target_product
iphone,Caricatore Iphone Apple  - Accessori iphone 13 min,derived_product
iphone,Iphone 13 128 GB blu,target_product
iphone,Cage iphone 13 pro,derived_product
iphone,Iphone 13 - 128 gb,target_product
iphone,Iphone 13 mini,target_product
iphone,iPhone  13,target_product
iphone,iphone 13 128gb üîã85 %,target_product
iphone,IPhone 13 Bianco 128Gb,target_product
iphone,IPHONE 13,target_product
iphone,iPhone 13 Mini,target_product
iphone,Iphone 13/256gb,target_product
iphone,Iphone 13,target_product
iphone,iPhone 13,target_product
iphone,IPHONE 13 128GB USATO,target_product
iphone,IPHONE 13 128GB USATO,target_product
iphone,iphone 13,target_product
iphone,Cover iphone 13 pro Max,derived_product
iphone,Iphone 13 pro max,target_product
iphone,Cover iPhone 13 Pro,derived_product
iphone,Apple Iphone 13 pezzi ricambio,target_product
iphone,iPhone 13 Pro 128 gb (anno 2021),target_product
iphone,iPhone 13 pro max 128gb,target_product
iphone,iPhone 13 mini 128 Gb,target_product
iphone,Batteria iphone 13,derived_product
iphone,Cassa audio iphone 13,derived_product
iphone,Fotocamera esterna iphone 13,derived_product
iphone,Cassa audio iphone 13 mini,derived_product
iphone,Fotocamera esterna iphone 13 mini,derived_product
iphone,Cover Iphone 15 Pro Max,derived_product
iphone,Case (Bumper) iPhone 15 Pro Max Clear,derived_product
iphone,Cerc0 iphone 14/15 leggere descrizione,derived_product
iphone,Stock di cover per iPhone 15,derived_product
iphone,Quad Lock Cover Mag per iPhone 15 pro max,derived_product
iphone,Cover in pelle iPhone 15 Pro Moft blu,derived_product
iphone,Cover in pelle iPhone 15 Pro Moft nera,derived_product
iphone,Cover Quadlock Mag per iPhone 15 pro,derived_product
iphone,cover iphone 15 pro max,derived_product
iphone,cover iphone 15 pro max,derived_product
iphone,cover iphone 15 pro max,derived_product
iphone,cover iphone 15 pro max,derived_product
iphone,Apple MagSafe iPhone 15 Pro Max Menta,derived_product
iphone,Cover originale apple iphone 15 pro,derived_product
iphone,Custodia iPhone 15 apple,derived_product
iphone,cover Apple custodia Mag SAF iPhone 15 pro max,derived_product
iphone,Cover Silicon case iPhone 15 Pro Max,derived_product
iphone,Apple MagSafe iPhone 15 Pro Max Grigio,derived_product
iphone,Iphone 15,target_product
iphone,Caricatore iphone 11/12/13/14/15/16 +cavo apple,derived_product
iphone,iPhone 15 nero 256gb,target_product
iphone,Cover in silicone iphone 15 pro max nuova sigillat,derived_product
iphone,Cover iphone 15 pro,derived_product
iphone,Cover IPhone 15 pro,derived_product
iphone,Cover iphone 15 pro finewoven,derived_product
iphone,Cover iPhone 15 Pro rosa,derived_product
iphone,Cover iPhone 15 Pro rosa,derived_product
iphone,Iphone 15,target_product
iphone,Cover magsafe apple per iPhone 15 pro max,target_product
iphone,quad lock MAG iphone 15 pro max,derived_product
iphone,Iphone 12 128gb 100% stato batteria,target_product
iphone,Iphone 12 64g,target_product
iphone,Iphone 12 mini da 64 GB nero,target_product
iphone,Cover magsafe in pelle iPhone 12 mini,derived_product
iphone,Iphone 12 mini,target_product
iphone,IPhone 12,target_product
iphone,Iphone 12 128gb,target_product
iphone,Iphone 12 pro,target_product
iphone,Iphone 12 64gb product red,target_product
iphone,iPhone 12 PRO 128GB,target_product
iphone,Iphone 12,target_product
iphone,Cover GUESS Hard x Iphone 12 e 12 PRO,derived_product
iphone,Display iphone 12 pro max,derived_product
iphone,Iphone 12 mini,target_product
iphone,display x IPHONE 12 pro max nuovo,derived_product
iphone,IPhone 12 Blue 64 gb,target_product
iphone,iPhone 12 mini,target_product
iphone,iPhone 12 Rosso 128gb,target_product
iphone,Iphone 12,target_product
iphone,Iphone 12 pro 256 danneggiato,target_product
iphone,Iphone 12 funzionante ma con alcuni difetti,target_product
iphone,Iphone 12,target_product
iphone,Iphone 12 Blue 128GB,target_product
iphone,Iphone 12 pro 128gb,target_product
iphone,Iphone 12 mini 128 gb,target_product
iphone,Caricatore iphone 11/12/13/14/15/16 +cavo apple,derived_product
iphone,Schermo Iphone  12/12 pro nuovo,derived_product
iphone,Iphone 12 mini,target_product
iphone,Iphone 12 mini 64gb,target_product
iphone,Iphone 13 pro,target_product
iphone,Caricatore Iphone Apple  - Accessori iphone 13 min,derived_product
iphone,Cage iphone 13 pro,derived_product
iphone,IPHONE 13,target_product
iphone,Iphone 13/256gb,target_product
iphone,iPhone 13,target_product
iphone,IPHONE 13 128GB USATO,target_product
iphone,Cover iphone 13 pro Max,derived_product
iphone,Iphone 13 pro max,target_product
iphone,Cover iPhone 13 Pro,derived_product
iphone,Apple Iphone 13 pezzi ricambio,derived_product
iphone,iPhone 13 Pro 128 gb (anno 2021),target_product
iphone,iPhone 13 pro max 128gb,target_product
iphone,Batteria iphone 13,derived_product
iphone,Cassa audio iphone 13,derived_product
iphone,Fotocamera esterna iphone 13,derived_product
iphone,Cassa audio iphone 13 mini,derived_product
iphone,Fotocamera esterna iphone 13 mini,derived_product
iphone,Batteria iphone 13 mini,derived_product
iphone,Connettore ricarica iphone 13 mini,derived_product
iphone,Scocca iPhone 13 bianco silverlight nuova,derived_product
iphone,5 cover iPhone 13 pro Nike Jordan Palm angels,derived_product
iphone,Apple Iphone 13 pro max cover,derived_product
iphone,Iphone 13 pro per ricambi,target_product
iphone,Caricatore iphone 11/12/13/14/15/16 +cavo apple,derived_product
iphone,Custodia QuadLock iPhone 13 pro,derived_product
iphone,Cover iphone 13 blu,derived_product
iphone,Cover Quad Lock Custodia per iPhone 13 Pro,derived_product
iphone,Covers Iphone 13 mini,derived_product
iphone,Cover Iphone 13 pro max,derived_product
iphone,Case (Bumper) iPhone 15 Pro Max Clear,derived_product
iphone,Stock di cover per iPhone 15,derived_product
iphone,Quad Lock Cover Mag per iPhone 15 pro max,derived_product
iphone,Cover in pelle iPhone 15 Pro Moft blu,derived_product
iphone,Cover in pelle iPhone 15 Pro Moft nera,derived_product
iphone,Cover Quadlock Mag per iPhone 15 pro,derived_product
iphone,cover iphone 15 pro max,derived_product
iphone,cover iphone 15 pro max,derived_product
iphone,cover iphone 15 pro max,derived_product
iphone,cover iphone 15 pro max,derived_product
iphone,Apple MagSafe iPhone 15 Pro Max Menta,derived_product
iphone,Cover originale apple iphone 15 pro,derived_product
iphone,Custodia iPhone 15 apple,derived_product
iphone,cover Apple custodia Mag SAF iPhone 15 pro max,derived_product
iphone,Cover Silicon case iPhone 15 Pro Max,derived_product
iphone,Apple MagSafe iPhone 15 Pro Max Grigio,derived_product
iphone,Iphone 15,target_product
iphone,Caricatore iphone 11/12/13/14/15/16 +cavo apple,derived_product
iphone,Cover in silicone iphone 15 pro max nuova sigillat,derived_product
iphone,Cover iphone 15 pro,derived_product
iphone,Cover IPhone 15 pro,derived_product
iphone,Cover iphone 15 pro  finewoven,derived_product
iphone,Cover iPhone 15 Pro rosa,derived_product
iphone,Cover iPhone 15 Pro rosa,derived_product
iphone,Cover magsafe apple per iPhone 15 pro max,derived_product
iphone,quad lock MAG iphone 15 pro max,derived_product
iphone,Custodia IPhone 15 pro portafoglio,derived_product
iphone,Cover IPhone 15 Pro Quadlock + MagSafe blu,derived_product
iphone,Cover iphone 15 pro,derived_product
iphone,Cover Iphone 15 Pro,derived_product
iphone,Caricatore Iphone Apple  - Accessori iphone 13 min,derived_product
iphone,Cage iphone 13 pro,derived_product
iphone,IPHONE 13,target_product
iphone,Cover iphone 13 pro Max,derived_product
iphone,Cover iPhone 13 Pro,derived_product
iphone,Apple Iphone 13 pezzi ricambio,derived_product
iphone,Batteria iphone 13,derived_product
iphone,Cassa audio iphone 13,derived_product
iphone,Fotocamera esterna iphone 13,derived_product
iphone,Cassa audio iphone 13 mini,derived_product
iphone,Fotocamera esterna iphone 13 mini,derived_product
iphone,Batteria iphone 13 mini,derived_product
iphone,Connettore ricarica iphone 13 mini,derived_product
iphone,Scocca iPhone 13 bianco silverlight nuova,derived_product
iphone,5 cover iPhone 13 pro Nike Jordan Palm angels,derived_product
iphone,Apple Iphone 13 pro max cover,derived_product
iphone,Caricatore iphone 11/12/13/14/15/16 +cavo apple,derived_product
iphone,Custodia QuadLock iPhone 13 pro,derived_product
iphone,Cover iphone 13 blu,derived_product
iphone,Cover Quad Lock Custodia per iPhone 13 Pro,derived_product
iphone,Covers Iphone 13 mini,derived_product
iphone,Cover Iphone 13 pro max,derived_product
iphone,Cover IPhone 13 pro max,derived_product
iphone,display iPhone 13,derived_product
iphone,Fotocamere per iphone 13,derived_product
iphone,Varie pellicole in vetro temperato per iPhone 13 P,derived_product
iphone,Cover iphone 13 pro originale,derived_product
iphone,cavo originale iPhone 13 pro,derived_product
iphone,Cover Apple iPhone 13 Mini in pelle glicine,derived_product
iphone,Cover PITAKA NUOVA MagEZ 2 Apple Iphone 13 pro,derived_product
iphone,Apple Iphone Se 2016 16 Gb utile per bici da cors,target_product
iphone,Iphone 5 nero 16 Gb,target_product
iphone,Caricatore iphone 11/12/13/14/15/16 +cavo apple,derived_product
iphone,Cover quad lock MAG IPHONE 16 pro max,derived_product
iphone,Iphone 5s 16 GB,target_product
iphone,Cover Iphone 16 Pro Max eco pelle,derived_product
iphone,Cover MagSafe per iPhone 16,derived_product
iphone,Iphone 16 da 128,target_product
iphone,QUAD LOCK MAG CASE IPHONE 16 PRO 6.3‚Äù,derived_product
iphone,Cover Pitaka Iphone 16 pro,derived_product
iphone,Cover iphone 16 Pro,derived_product
iphone,IPhone 6- 16 gb,target_product
iphone,iphone 6 16 gb grigio,target_product
iphone,iPhone 16,target_product
iphone,Iphone 6s 16 gb ora rosa,target_product
iphone,Cover iPhone 16,derived_product
iphone,Cover e pellicole iphone 16 pro,derived_product
iphone,Apple iphone 5s 16 gb,target_product
iphone,Cover Iphone 16 sigillata,derived_product
iphone,Totallee from USA cover Iphone 16 Pro Max,derived_product
iphone,Cover iphone 16 pro max,derived_product
iphone,Cover originale apple iphone 16 pro ma,derived_product
iphone,Iphone 5 16 gb,target_product
iphone,Cover iphone 16 pro,derived_product
iphone,Custodia IPhone 16 Pro Max MagSafe,derived_product
iphone,Cover Iphone 16 pro max nuova Otterbox,derived_product
iphone,iPhone SE 16 GB,target_product
iphone,Iphone 6S. 16 giga,target_product
iphone,Iphone SE 16 GB,target_product
iphone,Apple Iphone Se 2016 16 Gb utile per bici da cors,target_product
iphone,Iphone 5 nero 16 Gb,target_product
iphone,Caricatore iphone 11/12/13/14/15/16 +cavo apple,derived_product
iphone,Cover quad lock MAG IPHONE 16 pro max,derived_product
iphone,Iphone 5s 16 GB,target_product
iphone,Cover Iphone 16 Pro Max eco pelle,derived_product
iphone,Cover MagSafe per iPhone 16,derived_product
iphone,Iphone 16 da 128,target_product
iphone,QUAD LOCK MAG CASE IPHONE 16 PRO 6.3‚Äù,derived_product
iphone,Cover Pitaka Iphone 16 pro,derived_product
iphone,Cover iphone 16 Pro,derived_product
iphone,IPhone 6- 16 gb,target_product
iphone,iphone 6 16 gb grigio,target_product
iphone,iPhone 16,target_product
iphone,Iphone 6s 16 gb ora rosa,target_product
iphone,Cover iPhone 16,derived_product
iphone,Cover e pellicole iphone 16 pro,derived_product
iphone,Apple iphone 5s 16 gb,target_product
iphone,Cover Iphone 16 sigillata,derived_product
iphone,Totallee from USA cover Iphone 16 Pro Max,derived_product
iphone,Cover iphone 16 pro max,derived_product
iphone,Cover originale apple iphone 16 pro ma,derived_product
iphone,Iphone 5 16 gb,target_product
iphone,Cover iphone 16 pro,derived_product
iphone,Custodia IPhone 16 Pro Max MagSafe,derived_product
iphone,Cover Iphone 16 pro max nuova Otterbox,derived_product
iphone,iPhone SE 16 GB,target_product
iphone,Iphone 6S. 16 giga,target_product
iphone,Iphone SE 16 GB,target_product
iphone,Cover Iphone 15 Pro Max,derived_product
iphone,Case (Bumper) iPhone 15 Pro Max Clear,derived_product
iphone,Stock di cover per iPhone 15,derived_product
iphone,Quad Lock Cover Mag per iPhone 15 pro max,derived_product
iphone,Cover in pelle iPhone 15 Pro Moft blu,derived_product
iphone,Cover in pelle iPhone 15 Pro Moft nera,derived_product
iphone,Cover Quadlock Mag per iPhone 15 pro,derived_product
iphone,cover iphone 15 pro max,derived_product
iphone,cover iphone 15 pro max,derived_product
iphone,cover iphone 15 pro max,derived_product
iphone,cover iphone 15 pro max,derived_product
iphone,Apple MagSafe iPhone 15 Pro Max Menta,derived_product
iphone,Cover originale apple iphone 15 pro,derived_product
iphone,Custodia iPhone 15 apple,derived_product
iphone,cover Apple custodia Mag SAF iPhone 15 pro max,derived_product
iphone,Cover Silicon case iPhone 15 Pro Max,derived_product
iphone,Apple MagSafe iPhone 15 Pro Max Grigio,derived_product
iphone,Iphone 15,target_product
iphone,Caricatore iphone 11/12/13/14/15/16 +cavo apple,derived_product
iphone,Cover in silicone iphone 15 pro max nuova sigillat,derived_product
iphone,Cover iphone 15 pro,derived_product
iphone,Cover IPhone 15 pro,derived_product
iphone,Cover iphone 15 pro  finewoven,derived_product
iphone,Cover iPhone 15 Pro rosa,derived_product
iphone,Cover iPhone 15 Pro rosa,derived_product
iphone,Cover magsafe apple per iPhone 15 pro max,derived_product
iphone,quad lock MAG iphone 15 pro max,derived_product
iphone,Custodia IPhone 15 pro portafoglio,derived_product
iphone,Cover IPhone 15 Pro Quadlock + MagSafe blu,derived_product
iphone,Cover iphone 15 pro,derived_product
iphone,Quad lock mad per iphone 14 pro,derived_product
iphone,cover apple magsafe iphone 14 pro (product red),derived_product
iphone,Cover iPhone 14 pelle originale,derived_product
iphone,Cover Iphone 14 pro,derived_product
iphone,Custodie iphone 14 pro max,derived_product
iphone,Iphone 14 Pro - mini clone,
iphone,Cover iphone 14 pro Silicone Case,derived_product
iphone,Custodia Apple Magsafe iPhone 14 Pro,derived_product
iphone,Cleare Case MagSafe iphone 14 pro originale Apple,derived_product
iphone,cover in carbonio 100% reuterson per iphone 14 pro,derived_product
iphone,Cover IPhone 14 plus,derived_product
iphone,Cover IPhone 14 plus,derived_product
iphone,Cover Apple magsafe iphone 14 pro,derived_product
iphone,Caricatore iphone 11/12/13/14/15/16 +cavo apple,derived_product
iphone,Cover Apple iPhone 14 Pro Max trasparente,derived_product
iphone,Peak Design Everyday Case iPhone 14 Pro Max,derived_product
iphone,Cover a tracolla Native Union iPhone 14 Pro,derived_product
iphone,Cover in pelle originale iphone 14 pro.,derived_product
iphone,9 Cover iphone 14 pro,derived_product
iphone,Cover MagSafe in pelle per iphone 14 pro,derived_product
iphone,Cover originali Apple per Iphone 14 Pro Max,derived_product
iphone,Cover per iphone 14,derived_product
iphone,Cover Apple Magsafe Iphone 14 Pro,derived_product
iphone,Cover Iphone 14 pro,derived_product
iphone,Cover IPhone 14 pro Apple,derived_product
iphone,Iphone 14 128 gb,target_product
iphone,Cover iphone 14 pro,derived_product
iphone,Cover iphone 14 Pro Max,derived_product
iphone,Cover iphone 14 pro,derived_product
iphone,Iphone 14 pro max cover,derived_product
iphone,Cover Iphone 15 Pro Max,derived_product
iphone,Case (Bumper) iPhone 15 Pro Max Clear,derived_product
iphone,Stock di cover per iPhone 15,derived_product
iphone,Quad Lock Cover Mag per iPhone 15 pro max,derived_product
iphone,Cover in pelle iPhone 15 Pro Moft blu,derived_product
iphone,Cover in pelle iPhone 15 Pro Moft nera,derived_product
iphone,Cover Quadlock Mag per iPhone 15 pro,derived_product
iphone,cover iphone 15 pro max,derived_product
iphone,cover iphone 15 pro max,derived_product
iphone,cover iphone 15 pro max,derived_product
iphone,cover iphone 15 pro max,derived_product
iphone,Apple MagSafe iPhone 15 Pro Max Menta,derived_product
iphone,Cover originale apple iphone 15 pro,derived_product
iphone,Custodia iPhone 15 apple,derived_product
iphone,cover Apple custodia Mag SAF iPhone 15 pro max,derived_product
iphone,Cover Silicon case iPhone 15 Pro Max,derived_product
iphone,Apple MagSafe iPhone 15 Pro Max Grigio,derived_product
iphone,Iphone 15,target_product
iphone,Caricatore iphone 11/12/13/14/15/16 +cavo apple,derived_product
iphone,Cover in silicone iphone 15 pro max nuova sigillat,derived_product
iphone,Cover iphone 15 pro,derived_product
iphone,Cover IPhone 15 pro,derived_product
iphone,Cover iphone 15 pro  finewoven,derived_product
iphone,Cover iPhone 15 Pro rosa,derived_product
iphone,Cover iPhone 15 Pro rosa,derived_product
iphone,Iphone 15,target_product
iphone,Cover magsafe apple per iPhone 15 pro max,derived_product
iphone,quad lock MAG iphone 15 pro max,derived_product
iphone,Custodia IPhone 15 pro portafoglio,derived_product
iphone,Cover IPhone 15 Pro Quadlock + MagSafe blu,derived_product
iphone,iPhone 12,target_product
iphone,iPhone 12 128g Verde,target_product
iphone,iPhone 12 Mini 64gb,target_product
iphone,iPhone 12 mini 128 Gb,target_product
iphone,iPhone 12 128 Gb,target_product
iphone,iPhone 12 Mini 128GB tenuto benissimo,target_product
iphone,Iphone 12 128gb 100% stato batteria,target_product
iphone,Iphone 12 mini,target_product
iphone,iPhone 12 mini 128 gb,target_product
iphone,iPhone 12,target_product
iphone,Iphone 12 64 gb,target_product
iphone,iPhone 12 pro Max blu 128 gb,target_product
iphone,Iphone 12 mini - 64 GB,target_product
iphone,Iphone 12,target_product
iphone,Iphone 12 64g,target_product
iphone,Iphone 12 pro - 128g,target_product
iphone,Iphone 12 purple,target_product
iphone,IPhone 12 mini,target_product
iphone,iphone 12,target_product
iphone,Iphone 12 64 giga,target_product
iphone,IPHONE 12 BLUE 128 GB,target_product
iphone,Iphone 12 mini da 64 GB nero,target_product
iphone,Iphone 12 128gb,target_product
iphone,Iphone 12 pro,target_product
iphone,Iphone 12 pro,target_product
iphone,Cover magsafe in pelle iPhone 12 mini,derived_product
iphone,Iphone 12 128 gb colore blu,target_product
iphone,Iphone 12 mini,target_product
iphone,IPhone 12,target_product
iphone,Quad lock mad per iphone 14 pro,derived_product
iphone,cover apple magsafe iphone 14 pro (product red),derived_product
iphone,Cover iPhone 14 pelle originale,derived_product
iphone,Cover Iphone 14 pro,derived_product
iphone,Custodie iphone 14 pro max,derived_product
iphone,Iphone 14 Pro - mini clone,
iphone,Cover iphone 14 pro Silicone Case,derived_product
iphone,Custodia Apple Magsafe iPhone 14 Pro,derived_product
iphone,Cleare Case MagSafe iphone 14 pro originale Apple,derived_product
iphone,cover in carbonio 100% reuterson per iphone 14 pro,derived_product
iphone,Cover IPhone 14 plus,derived_product
iphone,Cover IPhone 14 plus,derived_product
iphone,Cover Apple magsafe iphone 14 pro,derived_product
iphone,Caricatore iphone 11/12/13/14/15/16 +cavo apple,derived_product
iphone,Cover Apple iPhone 14 Pro Max trasparente,derived_product
iphone,Peak Design Everyday Case iPhone 14 Pro Max,derived_product
iphone,Cover a tracolla Native Union iPhone 14 Pro,derived_product
iphone,Cover in pelle originale iphone 14 pro.,derived_product
iphone,9 Cover iphone 14 pro,derived_product
iphone,Cover MagSafe in pelle per iphone 14 pro,derived_product
iphone,Cover originali Apple per Iphone 14 Pro Max,derived_product
iphone,Cover per iphone 14,derived_product
iphone,Cover Apple Magsafe Iphone 14 Pro,derived_product
iphone,Cover Iphone 14 pro,derived_product
iphone,Cover IPhone 14 pro Apple,derived_product
iphone,Iphone 14 128 gb,target_product
iphone,Cover iphone 14 pro,derived_product
iphone,Cover iphone 14 Pro Max,derived_product
iphone,Cover iphone 14 pro,derived_product
iphone,Iphone 14 pro max cover,derived_product
iphone,Apple Iphone Se 2016 16 Gb utile per bici da cors,target_product
iphone,Iphone 5 nero 16 Gb,target_product
iphone,Caricatore iphone 11/12/13/14/15/16 +cavo apple,derived_product
iphone,Cover quad lock MAG IPHONE 16 pro max,derived_product
iphone,Iphone 5s 16 GB,target_product
iphone,Cover Iphone 16 Pro Max eco pelle,derived_product
iphone,Cover MagSafe per iPhone 16,derived_product
iphone,Iphone 16 da 128,target_product
iphone,QUAD LOCK MAG CASE IPHONE 16 PRO 6.3‚Äù,derived_product
iphone,Cover Pitaka Iphone 16 pro,derived_product
iphone,Cover iphone 16 Pro,derived_product
iphone,IPhone 6- 16 gb,target_product
iphone,iphone 6 16 gb grigio,target_product
iphone,Iphone 6s 16 gb ora rosa,target_product
iphone,Cover iPhone 16,derived_product
iphone,Cover e pellicole iphone 16 pro,derived_product
iphone,Apple iphone 5s 16 gb,target_product
iphone,Cover Iphone 16 sigillata,derived_product
iphone,Totallee from USA cover Iphone 16 Pro Max,derived_product
iphone,Cover iphone 16 pro max,derived_product
iphone,Cover originale apple iphone 16 pro ma,derived_product
iphone,Iphone 5 16 gb,target_product
iphone,Cover iphone 16 pro,
iphone,Custodia IPhone 16 Pro Max MagSafe,derived_product
iphone,Cover Iphone 16 pro max nuova Otterbox,derived_product
iphone,iPhone SE 16 GB,target_product
iphone,Iphone 6S. 16 giga,target_product
iphone,Iphone SE 16 GB,target_product
iphone,Accessori Spigen iPhone 16,derived_product